id,score
191003285_edd8d0cf58.jpg,4.3891732353810896e-232
1917265421_aeccf1ca38.jpg,7.711523862191631e-155
1962729184_6996e128e7.jpg,1.4875195904069663e-231
197107117_4b438b1872.jpg,7.208781414766327e-155
197504190_fd1fc3d4b7.jpg,1.2627076138080564e-231
1982852140_56425fa7a2.jpg,8.557332335294228e-155
1998457059_c9ac9a1e1a.jpg,6.867731683891005e-155
200771289_31902164a7.jpg,1.4256605770826504e-231
2021613437_d99731f986.jpg,6.0545243080267405e-155
2041867793_552819a40b.jpg,1.5319719891192393e-231
2054869561_ff723e9eab.jpg,4.476766863915479e-78
2061144717_5b3a1864f0.jpg,7.711523862191631e-155
2061354254_faa5bd294b.jpg,1.3483065280626046e-231
2064790732_219e52e19c.jpg,6.7393716283177006e-155
2073105823_6dacade004.jpg,7.711523862191631e-155
2073964624_52da3a0fc4.jpg,6.7393716283177006e-155
2075321027_c8fcbaf581.jpg,1.5728604687011317e-231
2077079696_03380d218b.jpg,1.0032743411283238e-231
2078311270_f01c9eaf4c.jpg,1.4347128449946335e-231
2083434441_a93bc6306b.jpg,1.384292958842266e-231
2084217208_7bd9bc85e5.jpg,1.2967862918337585e-231
2086513494_dbbcb583e7.jpg,5.969061643530969e-155
2089426086_7acc98a3a8.jpg,1.0032743411283238e-231
2096771662_984441d20d.jpg,5.1582804155151475e-78
2100816230_ff866fb352.jpg,1.0748016968157982e-231
2101457132_69c950bc45.jpg,1.1862177682648818e-231
2102360862_264452db8e.jpg,4.797597231912944e-78
2103568100_5d018c495b.jpg,1.04198122363916e-154
2105756457_a100d8434e.jpg,1.0832677820940877e-231
2112921744_92bf706805.jpg,8.286571670851008e-155
211295363_49010ca38d.jpg,1.2387197655613557e-231
2120383553_5825333a3f.jpg,3.4712915060210913e-78
2120411340_104eb610b1.jpg,5.218621439957678e-78
2124040721_bffc0a091a.jpg,6.887578243315168e-155
2128119486_4407061c40.jpg,1.0547686614863434e-154
2140182410_8e2a06fbda.jpg,0.38260294162784475
2148916767_644ea6a7fa.jpg,0.7825422900366437
215214751_e913b6ff09.jpg,8.014508691042773e-155
2160266952_a2ab39191b.jpg,7.657404561915943e-155
2162564553_96de62c7e6.jpg,1.0244914152188952e-231
2167644298_100ca79f54.jpg,5.798881106377341e-155
2170222061_e8bce4a32d.jpg,0.5
2176980976_7054c99621.jpg,1.384292958842266e-231
2182488373_df73c7cc09.jpg,4.2827389785030944e-78
2183227136_8bb657846b.jpg,1.583976781977924e-231
2189995738_352607a63b.jpg,8.38826642100846e-155
2192131110_8a40e7c028.jpg,9.975386110402101e-155
219301555_17883a51bd.jpg,6.805395922591311e-155
2194286203_5dc620006a.jpg,1.331960397810445e-231
2194494220_bb2178832c.jpg,6.968148412761692e-155
2196107384_361d73a170.jpg,1.4256605770826504e-231
2196316998_3b2d63f01f.jpg,1.2508498911928379e-231
2196846255_2c1635359a.jpg,1.312834642906688e-154
2197275664_fabcf3424b.jpg,1.5319719891192393e-231
2204550058_2707d92338.jpg,7.241926111174567e-155
2206960564_325ed0c7ae.jpg,6.342499378118519e-78
2207244634_1db1a1890b.jpg,6.608446987146148e-78
2208067635_39a03834ca.jpg,7.657404561915943e-155
2208310655_a3d83080c5.jpg,7.208781414766327e-155
2215136723_960edfea49.jpg,4.618846890203085e-78
2216695423_1362cb25f3.jpg,7.600394483915427e-155
2218609886_892dcd6915.jpg,5.94781875096292e-155
2224450291_4c133fabe8.jpg,1.2882297539194154e-231
2225231022_1632d0a5aa.jpg,1.3165594234639305e-231
2228022180_9597b2a458.jpg,1.384292958842266e-231
2229179070_dc8ea8582e.jpg,6.040533861202418e-155
223299142_521aedf9e7.jpg,6.0586496599702706e-155
2238019823_79318d1f11.jpg,3.9876353728947065e-78
2238759450_6475641bdb.jpg,1.1988328686372911e-231
2239938351_43c73c887c.jpg,0.38498150077635496
224369028_b1ac40d1fa.jpg,1.2508498911928379e-231
2247889670_413db8094b.jpg,2.0685210321540116e-155
2248487950_c62d0c81a9.jpg,1.384292958842266e-231
2251747182_6b67a3ab8b.jpg,9.53091075863908e-155
2256133102_e2c8314ecb.jpg,7.241926111174567e-155
2265096094_8cc34d669c.jpg,6.684949609530091e-155
226607225_44d696db6b.jpg,9.853445011990208e-232
2271755053_e1b1ec8442.jpg,1.3483065280626046e-231
2274992140_bb9e868bb8.jpg,8.66747005226959e-155
2280525192_81911f2b00.jpg,4.797597231912944e-78
2283966256_70317e1759.jpg,0.5410822690539396
2285570521_05015cbf4b.jpg,7.241926111174567e-155
2288099178_41091aa00c.jpg,1.1640469867513693e-231
2289068031_fe26990183.jpg,1.384292958842266e-231
2292406847_f366350600.jpg,1.4488496539373276e-231
2295216243_0712928988.jpg,9.280167055464391e-78
2295750198_6d152d7ceb.jpg,1.2183324802375697e-231
229862312_1a0ba19dab.jpg,7.57965434483665e-155
2300168895_a9b83e16fc.jpg,0.5
2301525531_edde12d673.jpg,8.929334592065812e-78
2306674172_dc07c7f847.jpg,6.7393716283177006e-155
2307118114_c258e3a47e.jpg,6.333134513676991e-155
2308271254_27fb466eb4.jpg,8.068564628293374e-78
2308978137_bfe776d541.jpg,1.384292958842266e-231
2309860995_c2e2a0feeb.jpg,1.0540802035034432e-154
2310126952_7dc86d88f6.jpg,4.0524962413350997e-78
2311690895_0d6efe11c8.jpg,1.2882297539194154e-231
2317714088_bcd081f926.jpg,8.15394372921771e-155
2333288869_8c01e4c859.jpg,7.241926111174567e-155
2339106348_2df90aa6a9.jpg,7.657404561915943e-155
2340206885_58754a799a.jpg,0.7598356856515925
2343525685_3eba3b6686.jpg,7.478986131155753e-155
2345984157_724823b1e4.jpg,0.41113361690051975
2346401538_f5e8da66fc.jpg,1.1103055738259992e-231
2351479551_e8820a1ff3.jpg,3.5354605262379067e-78
2354540393_a149722680.jpg,1.2882297539194154e-231
2358554995_54ed3baa83.jpg,1.3165594234639305e-231
2358561039_e215a8d6cd.jpg,1.4488496539373276e-231
2358898017_24496b80e8.jpg,4.953890078369194e-78
2370481277_a3085614c9.jpg,8.38826642100846e-155
2373234213_4ebe9c4ee5.jpg,1.4875195904069663e-231
2374652725_32f90fa15c.jpg,0.5410822690539396
2378149488_648e5deeac.jpg,1.4488496539373276e-231
2384353160_f395e9a54b.jpg,7.57965434483665e-155
2393264648_a280744f97.jpg,0.25091539267089075
2396025708_e4a72e2558.jpg,1.3483065280626046e-231
2396691909_6b8c2f7c44.jpg,7.478986131155753e-155
2398605966_1d0c9e6a20.jpg,0.7952707287670506
241031254_0c6f30e3d1.jpg,8.853864984883467e-232
2410320522_d967f0b75c.jpg,0.4347208719449914
241345811_46b5f157d4.jpg,1.4488496539373276e-231
241345844_69e1c22464.jpg,3.0860326910354345e-78
241345905_5826a72da1.jpg,7.183445846156676e-155
241346508_0b3907a95b.jpg,7.600394483915427e-155
241346971_c100650320.jpg,1.4488496539373276e-231
241347204_007d83e252.jpg,9.170599044431425e-155
241347760_d44c8d3a01.jpg,5.423660437707094e-78
2414397449_2ac3b78e0d.jpg,4.2212302085048554e-78
2415803492_56a673dc25.jpg,7.208781414766327e-155
2419221084_01a14176b4.jpg,0.2984745896009823
2421446839_fe7d46c177.jpg,7.974457410557563e-155
2431470169_0eeba7d602.jpg,7.241926111174567e-155
2431832075_00aa1a4457.jpg,1.171778691554733e-231
2435685480_a79d42e564.jpg,6.865395738677859e-155
2436081047_bca044c1d3.jpg,6.805395922591311e-155
2443380641_7b38d18f5b.jpg,6.7393716283177006e-155
2445283938_ff477c7952.jpg,1.331960397810445e-231
244571201_0339d8e8d1.jpg,1.331960397810445e-231
2450299735_62c095f40e.jpg,5.253283993027542e-78
2450453051_f1d4a78ab4.jpg,6.223629500679345e-155
245252561_4f20f1c89e.jpg,6.010455532087301e-155
2453971388_76616b6a82.jpg,5.474320712955125e-232
2458269558_277012780d.jpg,5.395774370246974e-78
245895500_a4eb97af02.jpg,1.384292958842266e-231
246055693_ccb69ac5c6.jpg,1.1896457329133973e-231
2460797929_66446c13db.jpg,4.566972108023278e-78
2461616306_3ee7ac1b4b.jpg,1.646211035903463e-231
2470486377_c3a39ccb7b.jpg,8.396161215621529e-232
2472980433_210ec62874.jpg,1.5319719891192393e-231
2473689180_e9d8fd656a.jpg,1.1640469867513693e-231
2473738924_eca928d12f.jpg,7.711523862191631e-155
2473791980_805c819bd4.jpg,4.797597231912944e-78
2475162978_2c51048dca.jpg,3.5354605262379067e-78
247637795_fdf26a03cf.jpg,7.241926111174567e-155
247704641_d883902277.jpg,6.08970970641905e-155
2479162876_a5ce3306af.jpg,4.583829695130767e-78
2479652566_8f9fac8af5.jpg,1.4740564900137075e-231
2480327661_fb69829f57.jpg,1.6954057018456463e-231
2480850054_de3433b54a.jpg,1.4147351699132998e-231
2482629385_f370b290d1.jpg,9.170599044431425e-155
2490768374_45d94fc658.jpg,7.57965434483665e-155
249394748_2e4acfbbb5.jpg,6.373704167435469e-155
2495931537_9b8d4474b6.jpg,8.094465157127193e-155
2496370758_a3fbc49837.jpg,0.3655552228545123
2497420371_74788d7ba1.jpg,6.887578243315168e-155
2498897831_0bbb5d5b51.jpg,1.3165594234639305e-231
2501595799_6316001e89.jpg,7.877458036488388e-155
2502905671_c6039804ab.jpg,5.105359651295608e-78
2505988632_9541f15583.jpg,1.5319719891192393e-231
2510020918_b2ca0fb2aa.jpg,1.258141043412406e-231
2511019188_ca71775f2d.jpg,0.46182613432486475
2518508760_68d8df7365.jpg,1.2069187085583323e-154
2521770311_3086ca90de.jpg,6.5806869883189804e-155
2522297487_57edf117f7.jpg,6.5823434733453935e-155
2525270674_4ab536e7ec.jpg,5.60411810495621e-155
2526041608_a9775ab8d7.jpg,6.3502977614349235e-155
2526585002_10987a63f3.jpg,1.2882297539194154e-231
2529116152_4331dabf50.jpg,7.657404561915943e-155
2533424347_cf2f84872b.jpg,1.4740564900137075e-231
2533642917_a5eace85e6.jpg,7.629999090858336e-155
2534502836_7a75305655.jpg,0.27338535134616687
2541104331_a2d65cfa54.jpg,0.45499414040480374
2542662402_d781dd7f7c.jpg,6.552765724042392e-155
254295381_d98fa049f4.jpg,1.331960397810445e-231
2543589122_ec3e55f434.jpg,8.38826642100846e-155
2544182005_3aa1332bf9.jpg,1.2882297539194154e-231
2544426580_317b1f1f73.jpg,1.4875195904069663e-231
2549968784_39bfbe44f9.jpg,1.5319719891192393e-231
2553550034_5901aa9d6c.jpg,1.4256605770826504e-231
2554081584_233bdf289a.jpg,1.2882297539194154e-231
2559503010_84f20b3bc9.jpg,1.0518351895246305e-231
2559921948_06af25d566.jpg,9.291879812217675e-232
256085101_2c2617c5d0.jpg,8.38826642100846e-155
2573625591_70291c894a.jpg,7.600394483915427e-155
2575647360_f5de38c751.jpg,4.560736619621221e-78
2577972703_a22c5f2a87.jpg,1.0547686614863434e-154
2581066814_179d28f306.jpg,9.53091075863908e-155
2587818583_4aa8e7b174.jpg,1.5319719891192393e-231
2588927489_f4da2f11ec.jpg,9.988500430528834e-232
2589241160_3832440850.jpg,1.2882297539194154e-231
2594042571_2e4666507e.jpg,7.657404561915943e-155
2594902417_f65d8866a8.jpg,0.4286982293646294
2595186208_9b16fa0ee3.jpg,1.2183324802375697e-231
2599444370_9e40103027.jpg,7.951872734206407e-155
2600867924_cd502fc911.jpg,6.86809206056511e-78
2602085456_d1beebcb29.jpg,1.331960397810445e-231
2602258549_7401a3cdae.jpg,8.286571670851008e-155
2603792708_18a97bac97.jpg,1.2882297539194154e-231
260520547_944f9f4c91.jpg,1.0518351895246305e-231
2607462776_78e639d891.jpg,1.5319719891192393e-231
260828892_7925d27865.jpg,4.1382219658909647e-78
2608289957_044849f73e.jpg,5.094696780347207e-155
2610447973_89227ff978.jpg,1.384292958842266e-231
2612488996_9450de0e54.jpg,4.661032518640916e-78
261490838_2f3ac98b12.jpg,8.15394372921771e-155
2616643090_4f2d2d1a44.jpg,1.4740564900137075e-231
2621415349_ef1a7e73be.jpg,1.2882297539194154e-231
2623930900_b9df917b82.jpg,1.1193096620723278e-231
2631300484_be8621d17b.jpg,1.1903225844148727e-231
263854883_0f320c1562.jpg,3.8719283242189536e-78
2641770481_c98465ff35.jpg,8.80154124704578e-155
2644430445_47c985a2ee.jpg,1.5319719891192393e-231
2646046871_c3a5dbb971.jpg,6.975255010667348e-155
2646116932_232573f030.jpg,4.797597231912944e-78
2647049174_0fb47cee2e.jpg,1.331960397810445e-231
2648165716_02e2e74fd6.jpg,1.4959003140449574e-231
2652522323_9218afd8c2.jpg,0.3549481056010053
2654514044_a70a6e2c21.jpg,0.4111336169005197
2657484284_daa07a3a1b.jpg,1.384292958842266e-231
2660008870_b672a4c76a.jpg,9.711929667259895e-232
2662845514_8620aaee96.jpg,1.2917956969975423e-231
2663794355_e726ec7e05.jpg,8.286571670851008e-155
2666179615_f05a9d8331.jpg,6.197223199276648e-155
2667015110_1670324a33.jpg,7.241926111174567e-155
2675685200_0913d84d9b.jpg,5.798881106377341e-155
2676764246_c58205a365.jpg,8.38826642100846e-155
2677656448_6b7e7702af.jpg,5.30941411456236e-78
2682382530_f9f8fd1e89.jpg,9.918892480173173e-232
2683963310_20dcd5e566.jpg,6.5806869883189804e-155
2689001252_e0016c89f0.jpg,5.775353993361614e-78
2693425189_47740c22ed.jpg,1.331960397810445e-231
2696866120_254a0345bc.jpg,7.57965434483665e-155
2698666984_13e17236ae.jpg,1.384292958842266e-231
2704934519_457dc38986.jpg,1.331960397810445e-231
2706766641_a9df81969d.jpg,6.8489908526642754e-155
270724499_107481c88f.jpg,0.7420884818558928
2707873672_15e6b5d54b.jpg,1.4875195904069663e-231
270816949_ffad112278.jpg,1.3861855791380656e-231
2708686056_1b8f356264.jpg,0.0
2712787899_d85048eb6a.jpg,1.2778269941762074e-231
2715035273_8fc8b1291c.jpg,6.572888952391001e-155
2718024196_3ff660416a.jpg,5.072841446586652e-78
2718495608_d8533e3ac5.jpg,7.57965434483665e-155
2723477522_d89f5ac62b.jpg,0.537284965911771
2729655904_1dd01922fb.jpg,1.0148936155293581e-154
2731171552_4a808c7d5a.jpg,6.5806869883189804e-155
2735558076_0d7bbc18fc.jpg,1.1852285898528657e-231
2739331794_4ae78f69a0.jpg,1.4740564900137075e-231
2748729903_3c7c920c4d.jpg,7.241926111174567e-155
2757803246_8aa3499d26.jpg,1.3109733799909448e-231
2759860913_f75b39d783.jpg,1.4740564900137075e-231
2762301555_48a0d0aa24.jpg,6.513869329968086e-155
2763044275_aa498eb88b.jpg,0.44632361378533286
2764178773_d63b502812.jpg,1.0148936155293581e-154
2774430374_fee1d793e7.jpg,9.711929667259895e-232
2774554310_007e980a90.jpg,8.34076112986429e-232
2782433864_5a0c311d87.jpg,1.2917956969975423e-231
2788945468_74a9618cfa.jpg,2.8744291130001147e-232
2796801478_8ebd7e550b.jpg,8.534204031625306e-155
2797149878_bb8e27ecf9.jpg,1.384292958842266e-231
279728508_6bd7281f3c.jpg,1.384292958842266e-231
2806710650_e201acd913.jpg,1.4488496539373276e-231
280706862_14c30d734a.jpg,0.3201911827891037
2813033949_e19fa08805.jpg,1.4875195904069663e-231
2813992915_f732cf8539.jpg,8.135321805168572e-155
2815256108_fc1302117d.jpg,5.607479438626032e-155
2822290399_97c809d43b.jpg,6.684949609530091e-155
2830869109_c4e403eae6.jpg,7.865406450922293e-232
2831217847_555b2f95ca.jpg,1.2882297539194154e-231
2839038702_e168128665.jpg,1.2183324802375697e-231
2842865689_e37256d9ce.jpg,4.35483727327488e-155
2843695880_eeea6c67db.jpg,1.2882297539194154e-231
2844018783_524b08e5aa.jpg,1.1896457329133973e-231
2844641033_dab3715a99.jpg,4.335118471269586e-78
2847615962_c330bded6e.jpg,7.951455490316087e-232
2854207034_1f00555703.jpg,5.48606597242747e-78
2854959952_3991a385ab.jpg,5.59156616093781e-78
2856080862_95d793fa9d.jpg,1.5319719891192393e-231
2860872588_f2c7b30e1a.jpg,4.484824319939061e-78
2861932486_52befd8592.jpg,1.384292958842266e-231
2862004252_53894bb28b.jpg,1.3934875572055278e-231
2866254827_9a8f592017.jpg,5.353909682421663e-155
2868575889_2c030aa8ae.jpg,8.476452820020735e-155
2869491449_1041485a6b.jpg,0.4111336169005197
2870875612_2cbb9e4a3c.jpg,4.888731610154635e-78
2876993733_cb26107d18.jpg,0.0
2877503811_4e311253ec.jpg,4.739132419722992e-232
2878190821_6e4e03dc5f.jpg,7.208781414766327e-155
2878272032_fda05ffac7.jpg,9.975386110402101e-155
2883099128_0b056eed9e.jpg,1.4488496539373276e-231
2884301336_dc8e974431.jpg,1.4875195904069663e-231
2884420269_225d27f242.jpg,9.106239987484608e-155
2885387575_9127ea10f1.jpg,7.176381577237209e-155
2886411666_72d8b12ce4.jpg,0.6025286104785453
2890113532_ab2003d74e.jpg,9.975386110402101e-155
2891617125_f939f604c7.jpg,7.803659209895733e-78
2892995070_39f3c9a56e.jpg,8.534204031625306e-155
2893374123_087f98d58a.jpg,9.02610261204801e-155
2894217628_f1a4153dca.jpg,1.0009379942300742e-231
2900274587_f2cbca4c58.jpg,6.311514251575017e-155
2901074943_041aba4607.jpg,7.711523862191631e-155
2901880865_3fd7b66a45.jpg,1.4740564900137075e-231
2902269566_419d9f1d8e.jpg,0.5623413251903491
2905942129_2b4bf59bc0.jpg,1.3731144660140744e-231
2909875716_25c8652614.jpg,5.859491021246916e-155
2909955251_4b326a46a7.jpg,6.686350417856737e-232
2910758605_73a3f5a5c2.jpg,7.15819034963064e-155
2913965136_2d00136697.jpg,1.331960397810445e-231
2914206497_5e36ac6324.jpg,6.416038883891965e-155
2918769188_565dd48060.jpg,7.262123179505913e-78
2921094201_2ed70a7963.jpg,1.3109733799909448e-231
2922222717_12195af92d.jpg,1.583976781977924e-231
2922973230_5a769ef92a.jpg,6.7393716283177006e-155
2924259848_effb4dcb82.jpg,7.57965434483665e-155
2926233397_71e617f3a3.jpg,0.3655552228545123
2926595608_69b22be8d4.jpg,9.420708298915794e-155
2928152792_b16c73434a.jpg,1.4875195904069663e-231
2929506802_5432054d77.jpg,6.373704167435469e-155
2932740428_b15384f389.jpg,8.612150057732663e-155
293327462_20dee0de56.jpg,0.3864911638244346
2933637854_984614e18b.jpg,1.0962103931192249e-154
2933912528_52b05f84a1.jpg,4.1382219658909647e-78
2934359101_cdf57442dc.jpg,1.4875195904069663e-231
2938120171_970564e3d8.jpg,7.241926111174567e-155
2938747424_64e64784f0.jpg,9.53091075863908e-155
293879742_5fe0ffd894.jpg,0.4854917717073234
293881927_ac62900fd4.jpg,4.603819786215014e-78
2943023421_e297f05e11.jpg,6.8521466667561e-155
2944362789_aebbc22db4.jpg,8.557332335294228e-155
2944836001_b38b516286.jpg,1.3165594234639305e-231
2944952557_8484f0da8f.jpg,8.612150057732663e-155
2945036454_280fa5b29f.jpg,7.57965434483665e-155
2949982320_c704b31626.jpg,5.474320712955125e-232
2950905787_f2017d3e49.jpg,0.25336549464486463
2953015871_cae796b6e7.jpg,3.4077295621678842e-78
2963573792_dd51b5fbfb.jpg,7.657404561915943e-155
2966552760_e65b22cd26.jpg,1.2882297539194154e-231
2968182121_b3b491df85.jpg,0.488923022434901
2971431335_e192613db4.jpg,9.013778876140909e-155
2981702521_2459f2c1c4.jpg,6.7393716283177006e-155
2984174290_a915748d77.jpg,6.86809206056511e-78
2985679744_75a7102aab.jpg,1.4959003140449574e-231
2991575785_bd4868e215.jpg,9.035368920308834e-155
2991994415_504d1c0a03.jpg,7.831943305459358e-155
2991994607_06f24ec7a6.jpg,8.38826642100846e-155
2994179598_a45c2732b5.jpg,1.4147351699132998e-231
2999730677_0cfa1c146e.jpg,8.15394372921771e-155
300314926_0b2e4b64f5.jpg,7.711523862191631e-155
3003691049_f4363c2d5c.jpg,7.241926111174567e-155
3004823335_9b82cbd8a7.jpg,0.537284965911771
300550441_f44ec3701a.jpg,9.013778876140909e-155
300577375_26cc2773a1.jpg,8.156004405034412e-155
3006093003_c211737232.jpg,1.4488496539373276e-231
300922408_05a4f9938c.jpg,7.595569210207636e-155
3009644534_992e9ea2a7.jpg,5.6228231334895985e-155
3015863181_92ff43f4d8.jpg,6.8489908526642754e-155
3016606751_0e8be20abd.jpg,1.1399397362700166e-231
3017521547_f5ef8848e3.jpg,4.797597231912944e-78
3019842612_8501c1791e.jpg,8.166726842395623e-232
3024172109_a10198e1dd.jpg,1.5728604687011317e-231
3025549604_38b86198f5.jpg,1.4488496539373276e-231
3027397797_4f1d305ced.jpg,1.3568676344828118e-231
3028969146_26929ae0e8.jpg,4.3638512969692e-232
302983277_69a4e732e4.jpg,7.505697654413981e-155
3030294889_78b2ccbe51.jpg,7.241926111174567e-155
3030566410_393c36a6c5.jpg,9.711929667259895e-232
3040033126_9f4b88261b.jpg,1.2882297539194154e-231
3042380610_c5ea61eef8.jpg,7.176381577237209e-155
3044500219_778f9f2b71.jpg,1.1200407237786664e-231
3044536048_e615466e7f.jpg,1.331960397810445e-231
3044746136_8b89da5f40.jpg,1.384292958842266e-231
3045613316_4e88862836.jpg,1.2882297539194154e-231
3047264346_e24601bfbf.jpg,3.603235312613151e-78
3048597471_5697538daf.jpg,0.7825422900366437
3051384385_c5c850c1f8.jpg,1.2183324802375697e-231
3052196390_c59dd24ca8.jpg,1.5728604687011317e-231
3053743109_a2d780c0d2.jpg,1.2183324802375697e-231
3058439373_9276a4702a.jpg,1.4256605770826504e-231
3061481868_d1e00b1f2e.jpg,1.4740564900137075e-231
3062173277_bfb5ef4c45.jpg,9.97486269044271e-232
3064383768_f6838f57da.jpg,9.853445011990208e-232
3070011270_390e597783.jpg,4.603578218506236e-155
3070031806_3d587c2a66.jpg,4.583829695130767e-78
3071676551_a65741e372.jpg,9.97486269044271e-232
3072114570_e1c0127529.jpg,1.258141043412406e-231
3072172967_630e9c69d0.jpg,6.373704167435469e-155
307327914_f98f576adb.jpg,1.4256605770826504e-231
3074842262_62b1b2168c.jpg,1.384292958842266e-231
3079787482_0757e9d167.jpg,1.4256605770826504e-231
3080056515_3013830309.jpg,1.583976781977924e-231
308487515_7852928f90.jpg,1.384292958842266e-231
3085226474_62aba51179.jpg,1.40745738725685e-231
3085667767_66041b202e.jpg,9.97486269044271e-232
3085667865_fa001816be.jpg,1.2183324802375697e-231
3095225232_2e6e6dc92e.jpg,0.0
309687244_4bdf3b591f.jpg,1.4256605770826504e-231
3099923914_fd450f6d51.jpg,6.8489908526642754e-155
3100251515_c68027cc22.jpg,1.384292958842266e-231
3106026005_473a7b1c8c.jpg,7.657404561915943e-155
3107513635_fe8a21f148.jpg,8.38826642100846e-155
3108197858_441ff38565.jpg,6.8489908526642754e-155
3108732084_565b423162.jpg,6.227170448085464e-155
3109704348_c6416244ce.jpg,1.331960397810445e-231
311146855_0b65fdb169.jpg,1.4959003140449574e-231
3113322995_13781860f2.jpg,3.592852588639057e-78
3114944484_28b5bb9842.jpg,1.4740564900137075e-231
3115174046_9e96b9ce47.jpg,1.5319719891192393e-231
3116769029_f5a76f04ba.jpg,1.1200407237786664e-231
3119076670_64b5340530.jpg,1.384292958842266e-231
3119875880_22f9129a1c.jpg,7.711523862191631e-155
3121521593_18f0ec14f7.jpg,9.809321592636189e-155
3123351642_3794f2f601.jpg,1.4875195904069663e-231
3123463486_f5b36a3624.jpg,6.867731683891005e-155
3125309108_1011486589.jpg,7.241926111174567e-155
3128164023_ebe8da4c32.jpg,1.312834642906688e-154
3135504530_0f4130d8f8.jpg,0.21586404366478298
3138399980_d6ab8b2272.jpg,8.396161215621529e-232
3139160252_75109e9e05.jpg,4.763190587431609e-78
3139876823_859c7d7c23.jpg,1.384292958842266e-231
3141293960_74459f0a24.jpg,6.061838450024688e-155
3143155555_32b6d24f34.jpg,1.4256605770826504e-231
3143982558_9e2d44c155.jpg,1.154647032204335e-231
3145967309_b33abe4d84.jpg,1.331960397810445e-231
3149919755_f9272b10b3.jpg,4.335118471269586e-78
3150742439_b8a352e1e0.jpg,5.775353993361614e-78
3154641421_d1b9b8c24c.jpg,1.0244914152188952e-231
3155390408_8e1a81efb2.jpg,6.7393716283177006e-155
3155451946_c0862c70cb.jpg,5.728716644827669e-78
3155987659_b9ea318dd3.jpg,7.57965434483665e-155
3157847991_463e006a28.jpg,6.085166479973199e-232
315880837_90db309bab.jpg,1.5319719891192393e-231
3159995270_17334ccb5b.jpg,6.7393716283177006e-155
3162045919_c2decbb69b.jpg,8.166726842395623e-232
3167365436_c379bda282.jpg,1.4296069418138943e-231
3168123064_d1983b8f92.jpg,1.1640469867513693e-231
317109978_cb557802e1.jpg,1.0009379942300742e-231
317383917_d8bfa350b6.jpg,0.7071067811865476
317488612_70ac35493b.jpg,1.331960397810445e-231
3179336562_c3d0c0a3bd.jpg,9.212002349967284e-155
3181701312_70a379ab6e.jpg,6.858354866987037e-155
3182121297_38c99b2769.jpg,6.513869329968086e-155
3185371756_ff4e9fa8a6.jpg,1.3165594234639305e-231
3185409663_95f6b958d8.jpg,6.513869329968086e-155
3186073578_6e115f45f5.jpg,6.5806869883189804e-155
3186412658_2ab2ebd397.jpg,1.2508498911928379e-231
3187395715_f2940c2b72.jpg,7.657404561915943e-155
3187492926_8aa85f80c6.jpg,7.176381577237209e-155
3191135894_2b4bdabb6d.jpg,1.6034157163765524e-231
3192069971_83c5a90b4c.jpg,8.148621569148421e-155
3192266178_f9bf5d3dba.jpg,5.635809992474887e-232
3197917064_e679a44b8e.jpg,5.072841446586652e-78
3197981073_3156963446.jpg,1.2736110049935266e-231
3200120942_59cfbb3437.jpg,8.38826642100846e-155
3201427741_3033f5b625.jpg,1.0518351895246305e-231
3203453897_6317aac6ff.jpg,1.3165594234639305e-231
3203908917_53e53c03d1.jpg,8.57273414893938e-155
3207358897_bfa61fa3c6.jpg,8.190757052088229e-155
3211556865_d1d9becf69.jpg,9.53091075863908e-155
3213992947_3f3f967a9f.jpg,1.3731144660140744e-231
3214237686_6566b8b52f.jpg,7.241926111174567e-155
3214573346_d3a57f0328.jpg,1.4637115948630222e-231
3214885227_2be09e7cfb.jpg,1.4347128449946335e-231
3216926094_bc975e84b9.jpg,1.258141043412406e-231
3217187564_0ffd89dec1.jpg,0.5081327481546147
3217266166_4e0091860b.jpg,1.384292958842266e-231
3217620013_8b17873273.jpg,6.10669334877734e-78
3217910740_d1d61c08ab.jpg,3.690122608639576e-78
3218480482_66af7587c8.jpg,5.775353993361614e-78
3220126881_b0a4f7cccb.jpg,0.3672056269893592
3220161734_77f42734b9.jpg,7.49201355438059e-155
3220650628_4ed964e5b4.jpg,5.554837769749797e-155
3221036999_3f7b152d8a.jpg,1.646211035903463e-231
3222041930_f642f49d28.jpg,6.061838450024688e-155
3222055946_45f7293bb2.jpg,1.090462944153118e-231
3223055565_68973f5d20.jpg,1.1368587676511996e-231
3223224391_be50bf4f43.jpg,0.4671379777282001
3224227640_31865b3651.jpg,0.7670387248467656
3225310099_d8e419ba56.jpg,5.791739854583281e-155
3227148358_f152303584.jpg,8.15394372921771e-155
3228069008_edb2961fc4.jpg,7.711523862191631e-155
3232470286_903a61ea16.jpg,1.331960397810445e-231
3234115903_f4dfc8fc75.jpg,1.4488496539373276e-231
3234401637_84e0d14414.jpg,1.384292958842266e-231
3238951136_2a99f1a1a8.jpg,6.60585259847259e-155
3239021459_a6b71bb400.jpg,1.59216298109724e-231
324208502_674488bcea.jpg,0.3515059938464902
3243588540_b418ac7eda.jpg,1.501620878508543e-231
3244470342_c08f6bb17e.jpg,6.311514251575017e-155
3244747165_17028936e0.jpg,5.477489369001354e-155
3245070961_8977fdd548.jpg,9.918892480173173e-232
3245460937_2710a82709.jpg,1.331960397810445e-231
3245912109_fdeef6b456.jpg,7.711523862191631e-155
3246991821_750a3097e2.jpg,8.16437745974496e-155
3247052319_da8aba1983.jpg,9.918892480173173e-232
3250695024_93e8ab7305.jpg,1.2736110049935266e-231
3251648670_9339943ba2.jpg,1.4488496539373276e-231
3251976937_20625dc2b8.jpg,0.3087818953963449
3254817653_632e840423.jpg,1.2882297539194154e-231
3255482333_5bcee79f7e.jpg,1.530972055784092e-231
3256043809_47258e0b3e.jpg,6.010455532087301e-155
3256275785_9c3af57576.jpg,8.286571670851008e-155
3258874419_23fec1bdc1.jpg,6.206021746903507e-78
3259002340_707ce96858.jpg,6.206021746903507e-78
3259666643_ae49524c81.jpg,1.2472112519845621e-231
3259991972_fce3ab18b2.jpg,6.085166479973199e-232
3262075846_5695021d84.jpg,1.1640469867513693e-231
3263395801_5e4cee2b9e.jpg,7.241926111174567e-155
3263497678_8bb688ca01.jpg,1.384292958842266e-231
326456451_effadbbe49.jpg,5.5546715329196825e-78
3270691950_88583c3524.jpg,7.711523862191631e-155
327415627_6313d32a64.jpg,1.133422688662942e-154
3275704430_a75828048f.jpg,1.4488496539373276e-231
3280052365_c4644bf0a5.jpg,8.286571670851008e-155
3281078518_630a7a7f4f.jpg,1.4488496539373276e-231
3285993030_87b0f1d202.jpg,0.5169731539571706
3286822339_5535af6b93.jpg,6.887578243315168e-155
3287549827_04dec6fb6e.jpg,1.1862177682648818e-231
3290105461_7590f23371.jpg,1.3568676344828118e-231
3294209955_a1f1e2cc19.jpg,1.1929635458528191e-154
3295391572_cbfde03a10.jpg,1.0009379942300742e-231
3295680663_af21ea648b.jpg,6.08970970641905e-155
3299820401_c2589186c5.jpg,1.5319719891192393e-231
3301811927_a2797339e5.jpg,7.57965434483665e-155
3301859683_2d5e4b40a3.jpg,9.55980462367717e-232
3310067561_b92017acab.jpg,0.38163309113713373
3315616181_15dd137e27.jpg,0.4347208719449914
3316725440_9ccd9b5417.jpg,5.705336763108155e-78
3317073508_7e13565c1b.jpg,6.562069055463047e-78
3320032226_63390d74a6.jpg,1.4875195904069663e-231
3320356356_1497e53f80.jpg,0.38260294162784475
3323988406_e3c8fce690.jpg,1.4488496539373276e-231
3325497914_f9014d615b.jpg,6.8489908526642754e-155
3328646934_5cca4cebce.jpg,8.166726842395623e-232
3332467180_d72f9b067d.jpg,7.100514228897259e-155
3333921867_6cc7d7c73d.jpg,7.379857967341252e-155
3334537556_a2cf4e9b9a.jpg,6.562069055463047e-78
3339140382_2e49bc324a.jpg,1.3483065280626046e-231
3344233740_c010378da7.jpg,7.657404561915943e-155
3347666612_659e6e2207.jpg,4.856474469839072e-78
3347798761_5c5260b000.jpg,0.2513293635022765
3348385580_10b53391f9.jpg,4.0524962413350997e-78
3349451628_4249a21c8f.jpg,1.4488496539373276e-231
3350786891_6d39b234e9.jpg,1.331960397810445e-231
3353036763_4cbeba03b2.jpg,6.513869329968086e-155
3354330935_de75be9d2f.jpg,4.751072498959554e-78
3354883962_170d19bfe4.jpg,5.87583260478785e-78
3358558292_6ab14193ed.jpg,1.384292958842266e-231
3358682439_be4b83544c.jpg,4.335118471269586e-78
3359530430_249f51972c.jpg,5.047284757449962e-78
3359551687_68f2f0212a.jpg,6.805395922591311e-155
3360930596_1e75164ce6.jpg,4.3640802852712975e-155
3361990489_92244a58ef.jpg,1.4147351699132998e-231
3363750526_efcedc47a9.jpg,7.262123179505913e-78
3364026240_645d533fda.jpg,1.1640469867513693e-231
3364151356_eecd07a23e.jpg,0.4172261448611506
3364861247_d590fa170d.jpg,0.0
3365783912_e12c3510d8.jpg,2.5266298691547124e-78
3375070563_3c290a7991.jpg,4.335118471269586e-78
3375549004_beee810e60.jpg,1.2882297539194154e-231
3375991133_87d7c40925.jpg,4.829607837557235e-155
3384314832_dffc944152.jpg,1.5319719891192393e-231
3385246141_a263d1053e.jpg,8.40808171968649e-155
3385593926_d3e9c21170.jpg,6.513869329968086e-155
3387542157_81bfd00072.jpg,1.1862177682648818e-231
3388330419_85d72f7cda.jpg,1.3165594234639305e-231
3393343330_b13df4d8ec.jpg,9.013778876140909e-155
339350939_6643bfb270.jpg,8.38826642100846e-155
3393926562_66cc01b001.jpg,7.208781414766327e-155
3396157719_6807d52a81.jpg,9.712439290098357e-155
339658315_fbb178c252.jpg,9.291879812217675e-232
3397220683_4aca010f86.jpg,6.227170448085464e-155
3398746625_5199beea71.jpg,8.286571670851008e-155
3399284917_721aefe2a7.jpg,1.3483065280626046e-231
3406930103_4db7b4dde0.jpg,6.6056549084510665e-78
3411393875_a9ff73c67a.jpg,5.30941411456236e-78
3413571342_b9855795e2.jpg,9.918892480173173e-232
3416091866_a96003d652.jpg,8.512570894324454e-155
3421789737_f625dd17ed.jpg,1.619863157690489e-231
3422458549_f3f3878dbf.jpg,1.0977058971259433e-231
3424424006_98f9d1921c.jpg,1.3731144660140744e-231
3425835357_204e620a66.jpg,1.4147351699132998e-231
3425851292_de92a072ee.jpg,6.8489908526642754e-155
3427118504_93126c83e0.jpg,1.4488496539373276e-231
3427233064_6af01bfc5c.jpg,6.501553757486207e-155
3429956016_3c7e3096c2.jpg,1.2183324802375697e-231
3430607596_7e4f74e3ff.jpg,1.2882297539194154e-231
343218198_1ca90e0734.jpg,8.190757052088229e-155
3432550415_e7b77232de.jpg,1.1200407237786664e-231
3433982387_3fa993cf5a.jpg,6.7393716283177006e-155
3435035138_af32890a4c.jpg,0.3155984539112945
3436063693_15c8d377a2.jpg,6.8489908526642754e-155
3437147889_4cf26dd525.jpg,0.5169731539571706
3437654963_c4fdc17e8b.jpg,1.3165594234639305e-231
3439382048_d2e23b2b4c.jpg,9.013778876140909e-155
3442242092_e579538d82.jpg,9.85444998995587e-155
3449114979_6cdc3e8da8.jpg,9.97486269044271e-232
3450874870_c4dcf58fb3.jpg,1.5319719891192393e-231
3452127051_fa54a902b3.jpg,1.3165594234639305e-231
3453259666_9ecaa8bb4b.jpg,1.2627076138080564e-231
3456362961_d8f7e347a8.jpg,1.384292958842266e-231
3457045393_2bbbb4e941.jpg,4.3891732353810896e-232
3458211052_bb73084398.jpg,5.775353993361614e-78
3458559770_12cf9f134e.jpg,1.619863157690489e-231
3461041826_0e24cdf597.jpg,0.5410822690539396
3462454965_a481809cea.jpg,6.608446987146148e-78
3467219837_7d62213dec.jpg,1.1896457329133973e-231
3468694409_a51571d621.jpg,1.0148936155293581e-154
3470951932_27ed74eb0b.jpg,8.014508691042773e-155
3472364264_dbde5a8d0a.jpg,0.537284965911771
3473264983_67917a931f.jpg,7.241926111174567e-155
3474406285_01f3d24b71.jpg,1.408376648685561e-231
3477715432_79d82487bb.jpg,1.2736110049935266e-231
3480051754_18e5802558.jpg,1.384292958842266e-231
3482062809_3b694322c4.jpg,1.1862177682648818e-231
3482974845_db4f16befa.jpg,8.286571670851008e-155
348380010_33bb0599ef.jpg,0.6315552371794037
3484649669_7bfe62080b.jpg,1.2508498911928379e-231
3484832904_08619300d9.jpg,1.1862177682648818e-231
3485425825_c2f3446e73.jpg,6.887578243315168e-155
3490736665_38710f4b91.jpg,5.474320712955125e-232
3494394662_3edfd4a34c.jpg,6.3502977614349235e-155
3497224764_6e17544e0d.jpg,9.85444998995587e-155
3498327617_d2e3db3ee3.jpg,6.887578243315168e-155
3498997518_c2b16f0a0e.jpg,8.014508691042773e-155
3499720588_c32590108e.jpg,1.0009379942300742e-231
3500136982_bf7a85531e.jpg,1.0518351895246305e-231
3502343542_f9b46688e5.jpg,8.286571670851008e-155
3502993968_4ee36afb0e.jpg,1.177954727398402e-154
3503689049_63212220be.jpg,1.666413723655783e-231
350443876_c9769f5734.jpg,7.241926111174567e-155
3504881781_6a842e043b.jpg,1.3109733799909448e-231
3506468593_7e41a6d9f1.jpg,1.3483065280626046e-231
3506560025_8d0f4f9ac4.jpg,6.484592771860512e-155
3507076266_8b17993fbb.jpg,6.513869329968086e-155
3514019869_7de4ece2a5.jpg,8.612150057732663e-155
3514179514_cbc3371b92.jpg,1.1852285898528657e-231
3516825206_5750824874.jpg,4.739132419722992e-232
3518126579_e70e0cbb2b.jpg,7.657404561915943e-155
3521374954_37371b49a4.jpg,7.241926111174567e-155
3523471597_87e0bf3b21.jpg,4.29307862935549e-78
3523474077_16e14bc54c.jpg,1.4488496539373276e-231
3523559027_a65619a34b.jpg,1.5319719891192393e-231
352382023_7605223d1c.jpg,8.38826642100846e-155
3523874798_9ba2fa46e3.jpg,9.975386110402101e-155
352981175_16ff5c07e4.jpg,1.4816746066915526e-231
353180303_6a24179c50.jpg,6.513869329968086e-155
3532205154_5674b628ea.jpg,7.241926111174567e-155
3537400880_8f410d747d.jpg,8.34076112986429e-232
3538213870_9856a76b2a.jpg,9.013778876140909e-155
3539767254_c598b8e6c7.jpg,7.241926111174567e-155
3540416981_4e74f08cbb.jpg,1.4734336989510458e-231
3541474181_489f19fae7.jpg,1.133422688662942e-154
3542484764_77d8920ec9.jpg,8.166726842395623e-232
3545586120_283d728a97.jpg,6.373704167435469e-155
3545652636_0746537307.jpg,0.48109772909788073
354642192_3b7666a2dd.jpg,0.32260135189272865
3549583146_3e8bb2f7e9.jpg,7.1958300848837144e-155
3554634863_5f6f616639.jpg,6.513869329968086e-155
3556598205_86c180769d.jpg,1.2183324802375697e-231
3558370311_5734a15890.jpg,1.1231644147255971e-154
3562050678_4196a7fff3.jpg,6.206021746903507e-78
3564312955_716e86c48b.jpg,1.4740564900137075e-231
3564543247_05cdbc31cf.jpg,1.2508498911928379e-231
3565598162_56044bc2f7.jpg,1.4256605770826504e-231
3567061016_62768dcce1.jpg,1.646211035903463e-231
3568197730_a071d7595b.jpg,7.241926111174567e-155
3569406219_f37ebf7b92.jpg,1.2967862918337585e-231
3569979711_6507841268.jpg,5.072841446586652e-78
3571147934_d1c8af1d6e.jpg,1.3483065280626046e-231
3572267708_9d8a81d4a4.jpg,7.711523862191631e-155
3576259024_9c05b163aa.jpg,4.1927887725759647e-78
3578841731_f775cab089.jpg,6.805395922591311e-155
3578914491_36019ba703.jpg,7.1958300848837144e-155
3582742297_1daa29968e.jpg,0.537284965911771
3584534971_b44f82c4b9.jpg,1.384292958842266e-231
3584561689_b6eb24dd70.jpg,1.331960397810445e-231
3584930205_a3f58a4b7c.jpg,6.5806869883189804e-155
3585487286_ef9a8d4c56.jpg,6.206021746903507e-78
3585598356_8ce815bbb9.jpg,5.726015560822316e-155
3589367895_5d3729e3ea.jpg,1.384292958842266e-231
3589895574_ee08207d26.jpg,1.410658609963307e-231
3591458156_f1a9a33918.jpg,7.241926111174567e-155
3591462960_86045906bd.jpg,6.061838450024688e-155
3592968286_b63c81bcd2.jpg,1.3165594234639305e-231
3592992234_6d3fe58a70.jpg,1.3165594234639305e-231
3593392955_a4125087f6.jpg,4.797597231912944e-78
3595643050_d312e4b652.jpg,1.4488496539373276e-231
3596131692_91b8a05606.jpg,1.451891777777915e-231
3597326009_3678a98a43.jpg,1.4740564900137075e-231
359837950_9e22ffe6c2.jpg,1.5319719891192393e-231
3601843201_4809e66909.jpg,1.674851531220629e-231
3602838407_bf13e49243.jpg,5.971405938334709e-78
3605061440_1d08c80a57.jpg,6.416038883891965e-155
3605676864_0fb491267e.jpg,1.0905741632475476e-154
3609032038_005c789f64.jpg,9.306496788613133e-155
3609645320_815c294b65.jpg,9.269981669466712e-232
3610683688_bbe6d725ed.jpg,1.583976781977924e-231
3613424631_3ae537624f.jpg,4.284993070788676e-78
3613800013_5a54968ab0.jpg,1.1398084212476204e-154
3613955682_3860e116cf.jpg,1.0032743411283238e-231
3619416477_9d18580a14.jpg,7.147676483165992e-155
3624327440_bef4f33f32.jpg,5.607479438626032e-155
3630332976_fdba22c50b.jpg,5.830209111720489e-155
3630641436_8f9ac5b9b2.jpg,9.283142785759642e-155
3631986552_944ea208fc.jpg,1.2183324802375697e-231
3635577874_48ebaac734.jpg,1.3053996630425247e-231
363617160_6cb0c723be.jpg,1.4740564900137075e-231
3639967449_137f48b43d.jpg,1.4488496539373276e-231
3640422448_a0f42e4559.jpg,1.2917956969975423e-231
3641022607_e7a5455d6c.jpg,7.176381577237209e-155
3642220260_3aa8a52670.jpg,0.3549481056010053
3647750811_395fbd397e.jpg,7.422680762211792e-155
3651971126_309e6a5e22.jpg,8.443982041183043e-155
3655074079_7df3812bc5.jpg,5.189523011169849e-232
3655155990_b0e201dd3c.jpg,7.241926111174567e-155
3655964639_21e76383d0.jpg,1.619863157690489e-231
3657016761_d553e514d9.jpg,6.513869329968086e-155
3658427967_6e2e57458d.jpg,1.4256605770826504e-231
3670907052_c827593564.jpg,6.784827072174911e-78
3673165148_67f217064f.jpg,5.30941411456236e-78
3677318686_b018862bb7.jpg,0.32668286409255015
3685328542_ab999b83bb.jpg,1.331091014027761e-231
3686924335_3c51e8834a.jpg,5.623118184955381e-78
3688858505_e8afd1475d.jpg,1.0832677820940877e-231
3692593096_fbaea67476.jpg,1.1896457329133973e-231
3692892751_f6574e2700.jpg,1.2387197655613557e-231
3694064560_467683205b.jpg,1.384292958842266e-231
3694093650_547259731e.jpg,7.657404561915943e-155
3694991841_141804da1f.jpg,5.767166022187344e-155
3696698390_989f1488e7.jpg,1.384292958842266e-231
3697359692_8a5cdbe4fe.jpg,1.3109733799909448e-231
3701291852_373ea46bb6.jpg,6.8489908526642754e-155
3702436188_2c26192fd0.jpg,1.2882297539194154e-231
370614351_98b8a166b9.jpg,6.373704167435469e-155
370713359_7560808550.jpg,1.0832677820940877e-231
3708177171_529bb4ff1d.jpg,7.951455490316087e-232
3715469645_6d1dc019b3.jpg,8.799732026434911e-232
3716244806_97d5a1fb61.jpg,8.014508691042773e-155
3718964174_cb2dc1615e.jpg,7.241926111174567e-155
3720366614_dfa8fe1088.jpg,7.100514228897259e-155
3725202807_12fbfdd207.jpg,1.3659076482413118e-231
3727752439_907795603b.jpg,1.0832677820940877e-231
3729525173_7f984ed776.jpg,1.2183324802375697e-231
373394550_1b2296b8c4.jpg,7.951455490316087e-232
3737539561_d1dc161040.jpg,6.968148412761692e-155
3741462565_cc35966b7a.jpg,7.57965434483665e-155
3741827382_71e93298d0.jpg,3.217613858851894e-78
3745451546_fc8ec70cbd.jpg,1.674851531220629e-231
375392855_54d46ed5c8.jpg,6.686350417856737e-232
3767841911_6678052eb6.jpg,3.1862778059488126e-78
384577800_fc325af410.jpg,1.1862800137389335e-154
387830531_e89c192b92.jpg,6.206021746903507e-78
391579205_c8373b5411.jpg,5.094696780347207e-155
396360611_941e5849a3.jpg,1.4740564900137075e-231
398662202_97e5819b79.jpg,1.5728604687011317e-231
400851260_5911898657.jpg,5.021333847570327e-78
401079494_562454c4d6.jpg,1.646211035903463e-231
405615014_03be7ef618.jpg,7.827769691893959e-155
410453140_5401bf659a.jpg,9.283142785759642e-155
415793623_6c1225ae27.jpg,1.5656618337072542e-231
416106657_cab2a107a5.jpg,1.2967862918337585e-231
416788726_5b4eb1466e.jpg,1.1103055738259992e-231
416960865_048fd3f294.jpg,1.6034157163765524e-231
421322723_3470543368.jpg,8.329397756741367e-155
421730441_6b2267fd31.jpg,7.241926111174567e-155
422763475_0bc814dac6.jpg,1.0977058971259433e-231
424416723_19c56cb365.jpg,9.013778876140909e-155
424779662_568f9606d0.jpg,1.1368587676511996e-231
429851331_b248ca01cd.jpg,6.373704167435469e-155
430173345_86388d8822.jpg,7.711523862191631e-155
434792818_56375e203f.jpg,7.241926111174567e-155
435827376_4384c3005a.jpg,1.3861855791380656e-231
436009777_440c7679a1.jpg,1.2183324802375697e-231
439037721_cdf1fc7358.jpg,1.384292958842266e-231
444057017_f1e0fcaef7.jpg,1.4256605770826504e-231
444481722_690d0cadcf.jpg,6.197223199276648e-155
447111935_5af98563e3.jpg,7.600793306264725e-78
448252603_7d928c900e.jpg,1.3165594234639305e-231
448658518_eec0b648a6.jpg,9.291879812217675e-232
452419961_6d42ab7000.jpg,3.965294799986402e-78
460935487_75b2da7854.jpg,7.208781414766327e-155
461505235_590102a5bf.jpg,1.331960397810445e-231
463978865_c87c6ca84c.jpg,6.684949609530091e-155
464251704_b0f0c4c87a.jpg,9.283142785759642e-155
466956209_2ffcea3941.jpg,0.27091988546756285
468102269_135938e209.jpg,0.4671379777282001
468310111_d9396abcbd.jpg,1.154647032204335e-231
468608014_09fd20eb9b.jpg,8.15394372921771e-155
470373679_98dceb19e7.jpg,1.2882297539194154e-231
473220329_819a913bbb.jpg,1.619863157690489e-231
476233374_e1396998ef.jpg,5.859491021246916e-155
476759700_8911f087f8.jpg,1.4147351699132998e-231
480505313_2dc686e5db.jpg,7.657404561915943e-155
485245061_5a5de43e20.jpg,5.969061643530969e-155
486712504_36be449055.jpg,1.4959003140449574e-231
486917990_72bd4069af.jpg,1.0032743411283238e-231
488356951_b3b77ad832.jpg,1.0318643420027732e-231
488590040_35a3e96c89.jpg,1.2021513525930774e-231
491405109_798222cfd0.jpg,1.2627076138080564e-231
493109089_468e105233.jpg,1.4740564900137075e-231
493621130_152bdd4e91.jpg,0.3655552228545123
494792770_2c5f767ac0.jpg,0.30213753973567675
494921598_af73bda568.jpg,6.8489908526642754e-155
496110746_a93ca191ae.jpg,8.190757052088229e-155
497791037_93499238d8.jpg,9.412234823955334e-232
498444334_a680d318a1.jpg,1.2508498911928379e-231
500446858_125702b296.jpg,1.1200407237786664e-231
505929313_7668f021ab.jpg,0.2907153684841096
506367606_7cca2bba9b.jpg,1.4147351699132998e-231
506738508_327efdf9c3.jpg,1.4256605770826504e-231
509123893_07b8ea82a9.jpg,1.5319719891192393e-231
509778093_21236bb64d.jpg,0.2335030836430423
510531976_90bbee22a2.jpg,6.7393716283177006e-155
512101751_05a6d93e19.jpg,1.3466796774819026e-231
514990193_2d2422af2c.jpg,9.291879812217675e-232
522063319_33827f1627.jpg,1.3165594234639305e-231
523985664_c866af4850.jpg,1.0003688322288243e-231
524105255_b346f288be.jpg,1.4256605770826504e-231
524282699_71e678a6bd.jpg,6.313993041533344e-78
525863257_053333e612.jpg,1.2183324802375697e-231
53043785_c468d6f931.jpg,1.4256605770826504e-231
533483374_86c5d4c13e.jpg,1.1862800137389335e-154
533713007_bf9f3e25b4.jpg,1.501620878508543e-231
533979933_a95b03323b.jpg,1.154647032204335e-231
535830521_aa971319fc.jpg,7.098450576376767e-155
537532165_e4b7c0e61a.jpg,1.4256605770826504e-231
537559285_29be110134.jpg,1.1862177682648818e-231
539751252_2bd88c456b.jpg,7.183445846156676e-155
540721368_12ac732c6c.jpg,1.384292958842266e-231
541063517_35044c554a.jpg,4.986094240050794e-78
542179694_e170e9e465.jpg,1.5319719891192393e-231
542317719_ed4dd95dc2.jpg,1.40745738725685e-231
543007912_23fc735b99.jpg,1.4488496539373276e-231
544576742_283b65fa0d.jpg,7.711523862191631e-155
561417861_8e25d0c0e8.jpg,1.3731144660140744e-231
561940436_64d6fc125d.jpg,1.450830536844438e-231
566397227_a469e9e415.jpg,1.4875195904069663e-231
57422853_b5f6366081.jpg,6.222676699505816e-155
583174725_6b522b621f.jpg,1.4740564900137075e-231
624742559_ff467d8ebc.jpg,1.2183324802375697e-231
670609997_5c7fdb3f0b.jpg,5.775353993361614e-78
700884207_d3ec546494.jpg,6.510101141652543e-232
70995350_75d0698839.jpg,1.4740564900137075e-231
732468337_a37075225e.jpg,1.3519605352440902e-231
745880539_cd3f948837.jpg,6.562069055463047e-78
747921928_48eb02aab2.jpg,1.2882297539194154e-231
751109943_2a7f8e117f.jpg,2.5266298691547124e-78
751737218_b89839a311.jpg,7.15819034963064e-155
754852108_72f80d421f.jpg,7.208781414766327e-155
757046028_ff5999f91b.jpg,1.3659076482413118e-231
757332692_6866ae545c.jpg,6.887578243315168e-155
758921886_55a351dd67.jpg,9.53091075863908e-155
766099402_cdda6964f0.jpg,1.384292958842266e-231
771048251_602e5e8f45.jpg,1.2183324802375697e-231
791338571_7f38510bf7.jpg,1.331091014027761e-231
799486353_f665d7b0f0.jpg,6.010455532087301e-155
801607443_f15956d1ce.jpg,5.705336763108155e-78
820169182_f5e78d7d19.jpg,8.190757052088229e-155
86412576_c53392ef80.jpg,1.0009379942300742e-231
872622575_ba1d3632cc.jpg,0.4111336169005197
880220939_0ef1c37f1f.jpg,7.241926111174567e-155
888425986_e4b6c12324.jpg,5.775353993361614e-78
909191414_1cf5d85821.jpg,6.7393716283177006e-155
909808296_23c427022d.jpg,6.646444782720929e-155
917574521_74fab68514.jpg,5.072841446586652e-78
925491651_57df3a5b36.jpg,4.797597231912944e-78
929679367_ff8c7df2ee.jpg,1.2183324802375697e-231
96420612_feb18fc6c6.jpg,1.2778269941762074e-231
968081289_cdba83ce2e.jpg,8.15394372921771e-155
979383193_0a542a059d.jpg,1.4740564900137075e-231
997722733_0cb5439472.jpg,3.965294799986402e-78
